"My Points and Rewards","My Points and Rewards"
"Points","Points"
"Point","Point"
"Not enough points for transaction. You have %s, but you need %s","Not enough points for transaction. You have %s, but you need %s"
"Sent points to a friend, ","Sent points to a friend, "
"Received points from a friend, ","Received points from a friend, "
"Not enough points for transaction. You have %s, but you need %s.","Not enough points for transaction. You have %s, but you need %s."
"No points.","No points."
"You received %s for signing up!","You received %s for signing up!"
"Could not transfer points.","Could not transfer points."
"Full","Full"
"Long","Long"
"Medium","Medium"
"Short","Short"
"You received %s for signing up to a newsletter","You received %s for signing up to a newsletter"
"Could not interface with customer rewards system.","Could not interface with customer rewards system."
"You received %s for voting","You received %s for voting"
"Please log in, or sign up to apply point redemptions!","Please log in, or sign up to apply point redemptions!"
"Unable to load the redeem points hash","Unable to load the redeem points hash"
"You will receive %s upon approval of this review","You will receive %s upon approval of this review"
"You received %s for sending your friend this product","You received %s for sending your friend this product"
"No points","No points"
"No Points","No Points"
"You will receive %s upon approval of this tag.","You will receive %s upon approval of this tag."
"Sorry, this feature is coming soon...","Sorry, this feature is coming soon..."
"We\'re in our typing table, coding away more features for Magento. Thank you for your patience.","We\'re in our typing table, coding away more features for Magento. Thank you for your patience."
"Magento Commerce - Administrative Panel","Magento Commerce - Administrative Panel"
"Log into Magento Admin Page","Log into Magento Admin Page"
"Forgot your user name or password?","Forgot your user name or password?"
"Email Address:","Email Address:"
"Back to Login","Back to Login"
"Retrieve Password","Retrieve Password"
"Magento is a trademark of Irubin Consulting Inc. DBA Varien. Copyright &copy; %s Irubin Consulting Inc.","Magento is a trademark of Irubin Consulting Inc. DBA Varien. Copyright &copy; %s Irubin Consulting Inc."
"Log in to Admin Panel","Log in to Admin Panel"
"User Name:","User Name:"
"Password:","Password:"
"Forgot your password?","Forgot your password?"
"Login","Login"
"Please wait...","Please wait..."
"Points Spent","Points Spent"
"Points Earned","Points Earned"
"as low as","as low as"
"with","with"
"Transfer Manager","Transfer Manager"
"<br /> You are awesome","<br /> You are awesome"
"Currency Manager","Currency Manager"
"Add Currency","Add Currency"
"Special Points Rules","Special Points Rules"
"Add New Special Rule","Add New Special Rule"
"Create New Transfer","Create New Transfer"
"--  --","--  --"
"Spends X Points","Spends X Points"
"Spends X points for every Y dollar amount in price","Spends X points for every Y dollar amount in price"
"[WARN:ALPHA] For every X points spent, discount Y from price","[WARN:ALPHA] For every X points spent, discount Y from price"
"--Don\'t Transfer Points--","--Don\'t Transfer Points--"
"Give X points to customer","Give X points to customer"
"For every Y dollar amount in price, give X points","For every Y dollar amount in price, give X points"
"Deduct X points from customer","Deduct X points from customer"
"For every Y amount spent, deduct X points","For every Y amount spent, deduct X points"
"For every Z qty purchased, deduct X points","For every Z qty purchased, deduct X points"
" For every X points spent, discount Y from price"," For every X points spent, discount Y from price"
"For every Y amount spent, give X points","For every Y amount spent, give X points"
"For every Z qty purchased, give X points","For every Z qty purchased, give X points"
"Writes review","Writes review"
"Rates a product","Rates a product"
"Signs up","Signs up"
"Votes in poll","Votes in poll"
"Sends product to friend","Sends product to friend"
"Signs up for a newsletter","Signs up for a newsletter"
"Makes a new tag","Makes a new tag"
"Points Distribution","Points Distribution"
"Points Redeemed on Order","Points Redeemed on Order"
"System Adjustment","System Adjustment"
"Points Received From a Friend","Points Received From a Friend"
"Points Given To a Friend","Points Given To a Friend"
"Points Revoked","Points Revoked"
"Administrative Adjustment","Administrative Adjustment"
"WARNING: UNSPECIFIED REASON","WARNING: UNSPECIFIED REASON"
"Order","Order"
"Review","Review"
"Poll","Poll"
"Tag","Tag"
"Rating","Rating"
"Transfer","Transfer"
"Signup","Signup"
"To Friend","To Friend"
"From Friend","From Friend"
"Newsletter","Newsletter"
"Cancelled","Cancelled"
"On Hold","On Hold"
"Pending","Pending"
"Approved","Approved"
"A valid redemption id to apply to this cart was not selected.","A valid redemption id to apply to this cart was not selected."
"The rule ","The rule "
"You do have have enough %s Points.","You do have have enough %s Points."
"The rule entitled ","The rule entitled "
"All requested reward redemptions were applied to your cart","All requested reward redemptions were applied to your cart"
"An error occured while trying to apply the redemption to your cart.","An error occured while trying to apply the redemption to your cart."
"All requested reward redemptions were removed from your cart","All requested reward redemptions were removed from your cart"
"An error occured while trying to remove the redemption from your cart.","An error occured while trying to remove the redemption from your cart."
"Please log in or sign up to apply point redemptions!","Please log in or sign up to apply point redemptions!"
"An item was not selected or the item selected was invalid","An item was not selected or the item selected was invalid"
"A valid redemption id to apply to this product was not selected.","A valid redemption id to apply to this product was not selected."
"All requested reward redemptions were applied to the product.","All requested reward redemptions were applied to the product."
"All requested reward redemptions were removed from the product.","All requested reward redemptions were removed from the product."
"Sorry, you are not authorized to be access this section.","Sorry, you are not authorized to be access this section."
"There is no customer with that email address (%s).","There is no customer with that email address (%s)."
"%s is not allowed to use the %s points currency.","%s is not allowed to use the %s points currency."
"You must log in or sign up before sending points to a friend!","You must log in or sign up before sending points to a friend!"
"You cannot send %s points to %s when you only have %s!","You cannot send %s points to %s when you only have %s!"
"You have successfully sent %s to %s!","You have successfully sent %s to %s!"
"Currency does not exist","Currency does not exist"
"Can not create currencies. Available in future upgrades of Sweet Tooth.","Can not create currencies. Available in future upgrades of Sweet Tooth."
"currency was successfully saved","currency was successfully saved"
"Unable to find post to save","Unable to find post to save"
"Can not delete currency. Available in future upgrades of Sweet Tooth.","Can not delete currency. Available in future upgrades of Sweet Tooth."
"Can not execute a mass delete","Can not execute a mass delete"
"Please select transfer(s)","Please select transfer(s)"
"Rule was successfully deleted","Rule was successfully deleted"
"Unable to find a page to delete","Unable to find a page to delete"
"This rule no longer exists","This rule no longer exists"
"New Rule","New Rule"
"Rule was successfully saved","Rule was successfully saved"
"Transfer does not exist","Transfer does not exist"
"Transfer was successfully saved","Transfer was successfully saved"
"Post was successfully deleted","Post was successfully deleted"
"Warning!\r\nThis action will remove this user from already assigned role\r\nAre you sure?","Warning!\r\nThis action will remove this user from already assigned role\r\nAre you sure?"
"Warning!\r\nThis action will remove those users from already assigned roles\r\nAre you sure?","Warning!\r\nThis action will remove those users from already assigned roles\r\nAre you sure?"
"Add New Role","Add New Role"
"Roles","Roles"
"Roles Resources","Roles Resources"
"Resource Access","Resource Access"
"Custom","Custom"
"All","All"
"Resources","Resources"
"Role Users","Role Users"
"Edit User ","Edit User "
"Add New User","Add New User"
"User Roles","User Roles"
"Users","Users"
"Create Backup","Create Backup"
"Backups","Backups"
"Manage Products","Manage Products"
"Online Customers","Online Customers"
"Select Range","Select Range"
"No Data Found","No Data Found"
"Dashboard","Dashboard"
"Last 5 Orders","Last 5 Orders"
"Last 5 Search Terms","Last 5 Search Terms"
"Top 5 Search Terms","Top 5 Search Terms"
"No search keywords.","No search keywords."
"Your gift message successfully saved","Your gift message successfully saved"
"Your gift message successfully removed","Your gift message successfully removed"
"Are you sure?","Are you sure?"
"Edit","Edit"
"Add","Add"
"From","From"
"To","To"
"Message","Message"
"Google Base Items","Google Base Items"
"Available Products","Available Products"
"This content requires last version of Adobe Flash Player. <a href=","This content requires last version of Adobe Flash Player. <a href="
"critical","critical"
"major","major"
"minor","minor"
"notice","notice"
" and "," and "
"You have %s unread message(s). <a href=","You have %s unread message(s). <a href="
"unread message(s). <a href=","unread message(s). <a href="
"You have %s, %s and %s unread messages. <a href=","You have %s, %s and %s unread messages. <a href="
"Read details","Read details"
"Help Us Keep Magento Healthy - Report All Bugs","Help Us Keep Magento Healthy - Report All Bugs"
"Interface Locale: %s","Interface Locale: %s"
"Connect with the Magento Community","Connect with the Magento Community"
"Magento&trade; is a trademark of Irubin Consulting Inc. DBA Varien.<br/>Copyright &copy; %s Irubin Consulting Inc.","Magento&trade; is a trademark of Irubin Consulting Inc. DBA Varien.<br/>Copyright &copy; %s Irubin Consulting Inc."
"Magento ver. %s","Magento ver. %s"
"Magento Logo","Magento Logo"
"Log Out","Log Out"
"Loading...","Loading..."
"Global Record Search","Global Record Search"
"Get help for this page","Get help for this page"
"1 star","1 star"
"2 stars","2 stars"
"3 stars","3 stars"
"4 stars","4 stars"
"5 stars","5 stars"
"Please select one of each ratings above","Please select one of each ratings above"
"Rating isn","Rating isn"
"Assigned Options","Assigned Options"
"Option Title:","Option Title:"
"Select Date","Select Date"
"Show by","Show by"
"Export to:","Export to:"
"Wishlist Report","Wishlist Report"
"Customers that have wishlist: %s%","Customers that have wishlist: %s%"
"Number of wishlists: %s","Number of wishlists: %s"
"Number of items bought from a wishlist: %s","Number of items bought from a wishlist: %s"
"Number of times wishlists have been shared (emailed): %s","Number of times wishlists have been shared (emailed): %s"
"Number of wishlist referrals: %s","Number of wishlist referrals: %s"
"Number of wishlist conversions: %s","Number of wishlist conversions: %s"
"Category Manager","Category Manager"
"Point Currencies","Point Currencies"
"All Point Transfers","All Point Transfers"
"Choose Store View","Choose Store View"
"Please confirm site switching. All data that hasn\'t been saved will be lost.","Please confirm site switching. All data that hasn\'t been saved will be lost."
"Personal Information","Personal Information"
"Are you sure that you want to delete this tag?","Are you sure that you want to delete this tag?"
"Import / Export Tax Rates","Import / Export Tax Rates"
"Import Tax Rates","Import Tax Rates"
"Export Tax Rates","Export Tax Rates"
"Select Category","Select Category"
"Page","Page"
"Previous page","Previous page"
"Next page","Next page"
"of %s pages","of %s pages"
"View","View"
"per page","per page"
"Total %d records found","Total %d records found"
"This tab contains invalid data. Please solve the problem before saving.","This tab contains invalid data. Please solve the problem before saving."
"You will be redirected to Amazon Checkout website when you place an order.","You will be redirected to Amazon Checkout website when you place an order."
"Checkout by Amazon","Checkout by Amazon"
"Search Site","Search Site"
"Search","Search"
"Search entire store here...","Search entire store here..."
"Subscribe to Feed","Subscribe to Feed"
"Search results for ","Search results for "
"Your search returns no results.","Your search returns no results."
"Popular Search Terms","Popular Search Terms"
"There are no search terms available.","There are no search terms available."
"Shopping Cart","Shopping Cart"
"Remove","Remove"
"Product Name","Product Name"
"Move to Wishlist","Move to Wishlist"
"Unit Price","Unit Price"
"Qty","Qty"
"Total Before<br/>Redemptions","Total Before<br/>Redemptions"
"Subtotal","Subtotal"
"Continue Shopping","Continue Shopping"
"Update Shopping Cart","Update Shopping Cart"
"Your order has been received","Your order has been received"
"Thank you for your purchase!","Thank you for your purchase!"
"Your order # is: <a href=","Your order # is: <a href="
"Your order # is: %s","Your order # is: %s"
"You will receive an order confirmation email with details of your order and a link to track its progress.","You will receive an order confirmation email with details of your order and a link to track its progress."
"Click <a href=","Click <a href="
"Contact Us","Contact Us"
"Contact Information","Contact Information"
"Name","Name"
"Email","Email"
"Telephone","Telephone"
"Comment","Comment"
"* Required Fields","* Required Fields"
"Submit","Submit"
"Edit Address","Edit Address"
"You have no primary entries in your address book.","You have no primary entries in your address book."
"Additional Address Entries","Additional Address Entries"
"Delete Address","Delete Address"
"You have no additional entries in your address book.","You have no additional entries in your address book."
"Back","Back"
"New Address","New Address"
"Are you sure you want to delete this address?","Are you sure you want to delete this address?"
"Your account balance is: %s","Your account balance is: %s"
"Edit Personal Information","Edit Personal Information"
"Edit Newsletter Subscription","Edit Newsletter Subscription"
"Addresses","Addresses"
"Go to Address Book","Go to Address Book"
"Order List...","Order List..."
"View Order List","View Order List"
"My Wishlist","My Wishlist"
"My Reviews","My Reviews"
"My Tags","My Tags"
"Last Viewed Items","Last Viewed Items"
"You","You"
"You have been successfully logged out and will be redirected to our homepage in 5 seconds.","You have been successfully logged out and will be redirected to our homepage in 5 seconds."
"My Orders","My Orders"
"Order #","Order #"
"Date","Date"
"Total","Total"
"Status","Status"
"Details","Details"
"View Order","View Order"
"You have placed no orders yet.","You have placed no orders yet."
"Wishlist","Wishlist"
"Product","Product"
"To Cart","To Cart"
"Update","Update"
"You have placed no products yet.","You have placed no products yet."
"Select Your Currency","Select Your Currency"
"Gift Message","Gift Message"
"Save","Save"
"Cancel","Cancel"
"Your gift message has been successfully saved","Your gift message has been successfully saved"
"Close","Close"
"Your gift message has been successfully removed","Your gift message has been successfully removed"
"Edit Gift Message","Edit Gift Message"
"Add Gift Message","Add Gift Message"
"Do you have any gift items in your order?","Do you have any gift items in your order?"
"Check this checkbox if you want to add gift messages.","Check this checkbox if you want to add gift messages."
"Enter a gift message for entire order.","Enter a gift message for entire order."
"You can leave a box blank if you don\'t wish to add a gift message for whole order.","You can leave a box blank if you don\'t wish to add a gift message for whole order."
"Enter a gift message for each item in your order.","Enter a gift message for each item in your order."
"You can leave a box blank if you don\'t wish to add a gift message for the item.","You can leave a box blank if you don\'t wish to add a gift message for the item."
"Item %d of %d","Item %d of %d"
"Gift Messages","Gift Messages"
"Check this checkbox if you want to add gift messages to your items.","Check this checkbox if you want to add gift messages to your items."
"Enter a gift message for this address.","Enter a gift message for this address."
"You can leave a box blank if you don\'t wish to add a gift message for this address.","You can leave a box blank if you don\'t wish to add a gift message for this address."
"You will be redirected to Google Checkout website when you place an order.","You will be redirected to Google Checkout website when you place an order."
"Fast checkout through Google","Fast checkout through Google"
"Sign up for our newsletter:","Sign up for our newsletter:"
"Subscribe","Subscribe"
"This is a demo store. Any orders placed through this store will not be honored or fulfilled.","This is a demo store. Any orders placed through this store will not be honored or fulfilled."
"Close Window","Close Window"
"Redirecting...","Redirecting..."
"Paypal Checkout","Paypal Checkout"
"Paypal UK Checkout","Paypal UK Checkout"
"Community Poll","Community Poll"
"Vote","Vote"
"Sign up for price alert","Sign up for price alert"
"Sign up to get notified when this product is back in stock","Sign up to get notified when this product is back in stock"
"Be the first to review this product","Be the first to review this product"
"Your Recently Compared","Your Recently Compared"
"Add to Cart","Add to Cart"
"Out of stock","Out of stock"
"Add to Wishlist","Add to Wishlist"
"Add to Compare","Add to Compare"
"Your Recently Viewed","Your Recently Viewed"
"Recently Compared Products","Recently Compared Products"
"Recently Viewed Products","Recently Viewed Products"
"Write Your Own Review","Write Your Own Review"
"How do you rate this product?","How do you rate this product?"
"Nickname","Nickname"
"Summary of Your Review","Summary of Your Review"
"Submit Review","Submit Review"
"Please select one of each of the ratings above","Please select one of each of the ratings above"
"Review Details","Review Details"
"Average Customer Rating","Average Customer Rating"
"Product Rating:","Product Rating:"
"Product Review (submitted on %s):","Product Review (submitted on %s):"
"Back to Product Reviews","Back to Product Reviews"
"Account Information","Account Information"
"RSS Feeds","RSS Feeds"
"Miscellaneous Feeds","Miscellaneous Feeds"
"Get Feed","Get Feed"
"Category Feeds","Category Feeds"
"There are no Rss Feeds","There are no Rss Feeds"
"Remove Email","Remove Email"
"Name:","Name:"
"Email Address","Email Address"
"Email to a Friend","Email to a Friend"
"Sender:","Sender:"
"Email:","Email:"
"Message:","Message:"
"Recipient:","Recipient:"
"Maximum %d email addresses allowed.","Maximum %d email addresses allowed."
"Add Recipient","Add Recipient"
"Send email","Send email"
"All Tags","All Tags"
"Tags Aren","Tags Aren"
"Product Tags","Product Tags"
"Other people marked this product with these tags:","Other people marked this product with these tags:"
"Add Your Tags:","Add Your Tags:"
"Add Tags","Add Tags"
"Use spaces to separate tags. Use single quotes (","Use spaces to separate tags. Use single quotes ("
"Popular Tags","Popular Tags"
"View All Tags","View All Tags"
"Search Results for ","Search Results for "
"Products tagged with ","Products tagged with "
"Add All to Cart","Add All to Cart"
"Wishlist is empty now.","Wishlist is empty now."
"Share Your Wishlist","Share Your Wishlist"
"Sharing Information","Sharing Information"
"Email addresses, separated by commas","Email addresses, separated by commas"
"Check this checkbox if you want to add a link to an rss feed to your wishlist.","Check this checkbox if you want to add a link to an rss feed to your wishlist."
"Share Wishlist","Share Wishlist"
"Please enter a valid email addresses, separated by commas. For example johndoe@domain.com, johnsmith@domain.com.","Please enter a valid email addresses, separated by commas. For example johndoe@domain.com, johnsmith@domain.com."
"My Wishlist - <a href=","My Wishlist - <a href="
"Last Added Items","Last Added Items"
"Are you sure you would like to remove this item from the wishlist?","Are you sure you would like to remove this item from the wishlist?"
"Remove Item","Remove Item"
"You have no items in your wishlist.","You have no items in your wishlist."
"Go to Wishlist","Go to Wishlist"
"RSS Feed","RSS Feed"
"Added On","Added On"
"Update Wishlist","Update Wishlist"
"Are you sure you want to remove this product from your wishlist?","Are you sure you want to remove this product from your wishlist?"
"Please, enter your comments...","Please, enter your comments..."
"Save Category","Save Category"
"Delete Category","Delete Category"
"Save And Continue Edit","Save And Continue Edit"
"Edit Category  ","Edit Category  "
"Add Category","Add Category"
"ID","ID"
"Title","Title"
"Identifier","Identifier"
"Sort Order","Sort Order"
"Action","Action"
"Delete","Delete"
"CSV","CSV"
"XML","XML"
"Save Comment","Save Comment"
"Delete Comment","Delete Comment"
"Edit Comment By ","Edit Comment By "
"Add Comment","Add Comment"
"Poster","Poster"
"Eamil Address","Eamil Address"
"Created","Created"
"Approve","Approve"
"Unapprove","Unapprove"
"Save Currency","Save Currency"
"Delete Transfer","Delete Transfer"
"Edit Currency #%s","Edit Currency #%s"
"Create New Currency","Create New Currency"
"Is Active","Is Active"
"Value","Value"
"Apply Rules","Apply Rules"
"Catalog Points Rules","Catalog Points Rules"
"Add New Rule","Add New Rule"
"Shopping Cart Points Rules","Shopping Cart Points Rules"
"Save Rule","Save Rule"
"Delete Rule","Delete Rule"
"Edit Rule ","Edit Rule "
"Rule Name","Rule Name"
"Date Start","Date Start"
"Date Expire","Date Expire"
"Priority","Priority"
"Save Transfer","Save Transfer"
"Create A New Transfer","Create A New Transfer"
"Revoke Transfer","Revoke Transfer"
"Edit Transfer #%s","Edit Transfer #%s"
"Created Time","Created Time"
"Customer ID","Customer ID"
"Customer","Customer"
"Reason","Reason"
"Comments/Notes","Comments/Notes"
"Change status","Change status"
"You are trying to redeem more points than you have in","You are trying to redeem more points than you have in"
"You are trying to redeem points but you","You are trying to redeem points but you"
"<i>No points</i>.","<i>No points</i>."
"Promotions","Promotions"
"Please enter a number more than zero (0).","Please enter a number more than zero (0)."
"Could not approve points.","Could not approve points."
"Failed to transfer points to customer %s","Failed to transfer points to customer %s"
"Successfully transfered %s to %s customer(s).","Successfully transfered %s to %s customer(s)."
"Woops, ran into error while trying to process your request: ","Woops, ran into error while trying to process your request: "
"Catalog Point Rule","Catalog Point Rule"
"Catalog","Catalog"
"You must still APPLY rules before they will take effect!","You must still APPLY rules before they will take effect!"
"The rule you are trying to delete no longer exists","The rule you are trying to delete no longer exists"
"Rules were successfully applied","Rules were successfully applied"
"Unable to apply rules","Unable to apply rules"
"Are you sure you want to delete this category?","Are you sure you want to delete this category?"
"Categories","Categories"
"Expand All","Expand All"
"Please select one or more attributes.","Please select one or more attributes."
"Customer Groups","Customer Groups"
"Add New Customer Group","Add New Customer Group"
"Customer Addresses","Customer Addresses"
"Set as Default Billing Address","Set as Default Billing Address"
"Default Billing Address","Default Billing Address"
"Set as Default Shipping Address","Set as Default Shipping Address"
"Default Shipping Address","Default Shipping Address"
"This customer has no saved addresses.","This customer has no saved addresses."
"New Customer Address","New Customer Address"
"Are you sure you want to cancel adding of this address?","Are you sure you want to cancel adding of this address?"
"No item specified.","No item specified."
"Are you sure that you want to remove this item?","Are you sure that you want to remove this item?"
"Last Logged In:","Last Logged In:"
"Last Logged In (%s):","Last Logged In (%s):"
"Confirmed email:","Confirmed email:"
"Account Created on:","Account Created on:"
"Account Created on (%s):","Account Created on (%s):"
"Account Created in:","Account Created in:"
"Customer Group:","Customer Group:"
"Primary Billing Address","Primary Billing Address"
"View Statistics for","View Statistics for"
"All Websites","All Websites"
"Excl. Tax","Excl. Tax"
"Incl. Tax","Incl. Tax"
"Total incl. tax","Total incl. tax"
"Discount","Discount"
"Shipping Amount","Shipping Amount"
"Tax Amount","Tax Amount"
"Grand Total","Grand Total"
"Contents","Contents"
"Role","Role"
"Path","Path"
"Type","Type"
"Include","Include"
"Ignore","Ignore"
"File","File"
"Recursive Dir","Recursive Dir"
"Add Contents Path","Add Contents Path"
"Packages","Packages"
"Package","Package"
"Channel","Channel"
"Min","Min"
"Max","Max"
"Recommended","Recommended"
"Exclude","Exclude"
"Add Package dependency","Add Package dependency"
"Subpackages","Subpackages"
"Subpackage","Subpackage"
"Add Subpackage dependency","Add Subpackage dependency"
"Extensions","Extensions"
"Extension","Extension"
"Add PHP Extension dependency","Add PHP Extension dependency"
"Please be careful as once you click on the row it will load package data form the selected file and all unsaved form data will be lost.","Please be careful as once you click on the row it will load package data form the selected file and all unsaved form data will be lost."
"Maintainers","Maintainers"
"Level","Level"
"User","User"
"Active","Active"
"Inactive","Inactive"
"Add Maintainer","Add Maintainer"
"Upload Local File","Upload Local File"
"Upload local file:","Upload local file:"
"Download Remote File","Download Remote File"
"Remote URL:","Remote URL:"
"Actions","Actions"
"Date:","Date:"
"Version:","Version:"
"API:","API:"
"License:","License:"
"Notes:","Notes:"
"Provided Files","Provided Files"
"md5sum","md5sum"
"Dependencies","Dependencies"
"Package Information","Package Information"
"Channel:","Channel:"
"Summary:","Summary:"
"Description:","Description:"
"Current Release Information","Current Release Information"
"Upgrade All Available Packages","Upgrade All Available Packages"
"Done by:","Done by:"
"Done By:","Done By:"
"Newsletter Problem Reports","Newsletter Problem Reports"
"Newsletter Queue","Newsletter Queue"
"Newsletter Subscribers","Newsletter Subscribers"
"Add to Queue","Add to Queue"
"Are you sure that you want to strip all tags?","Are you sure that you want to strip all tags?"
" Copy"," Copy"
"Are you sure that you want to delete this template?","Are you sure that you want to delete this template?"
"Add New Template","Add New Template"
"Newsletter Message Preview","Newsletter Message Preview"
"About the calendar","About the calendar"
"DHTML Date/Time Selector","DHTML Date/Time Selector"
"For latest version visit: %s","For latest version visit: %s"
"Distributed under GNU LGPL. See %s for details.","Distributed under GNU LGPL. See %s for details."
"Date selection:","Date selection:"
"- Use the %s, %s buttons to select year","- Use the %s, %s buttons to select year"
"- Use the %s buttons to select month","- Use the %s buttons to select month"
"- Hold mouse button on any of the above buttons for faster selection.","- Hold mouse button on any of the above buttons for faster selection."
"Time selection:","Time selection:"
"- Click on any of the time parts to increase it","- Click on any of the time parts to increase it"
"- or Shift-click to decrease it","- or Shift-click to decrease it"
"- or click and drag for faster selection.","- or click and drag for faster selection."
"Prev. year (hold for menu)","Prev. year (hold for menu)"
"Prev. month (hold for menu)","Prev. month (hold for menu)"
"Go Today","Go Today"
"Next month (hold for menu)","Next month (hold for menu)"
"Next year (hold for menu)","Next year (hold for menu)"
"Select date","Select date"
"Drag to move","Drag to move"
"Display %s first","Display %s first"
"(Shift-)Click or drag to change value","(Shift-)Click or drag to change value"
"Time:","Time:"
"Please select an option.","Please select an option."
"This is a required field.","This is a required field."
"Please enter a valid number in this field.","Please enter a valid number in this field."
"Please use numbers only in this field. please avoid spaces or other characters such as dots or commas.","Please use numbers only in this field. please avoid spaces or other characters such as dots or commas."
"Please use letters only (a-z) in this field.","Please use letters only (a-z) in this field."
"Please use in this field only ","Please use in this field only "
"Please use only letters (a-z) or numbers (0-9) only in this field. No spaces or other characters are allowed.","Please use only letters (a-z) or numbers (0-9) only in this field. No spaces or other characters are allowed."
"Please use only letters (a-z) or numbers (0-9) or spaces and # only in this field.","Please use only letters (a-z) or numbers (0-9) or spaces and # only in this field."
"Please enter a valid phone number. For example (123) 456-7890 or 123-456-7890.","Please enter a valid phone number. For example (123) 456-7890 or 123-456-7890."
"Please enter a valid date.","Please enter a valid date."
"Please enter a valid email address. For example johndoe@domain.com.","Please enter a valid email address. For example johndoe@domain.com."
"Please enter 6 or more characters.","Please enter 6 or more characters."
"Please make sure your passwords match.","Please make sure your passwords match."
"Please enter a valid URL. http:// is required","Please enter a valid URL. http:// is required"
"Please enter a valid URL. For example http://www.example.com or www.example.com","Please enter a valid URL. For example http://www.example.com or www.example.com"
"Please enter a valid social security number. For example 123-45-6789.","Please enter a valid social security number. For example 123-45-6789."
"Please enter a valid zip code. For example 90602 or 90602-1234.","Please enter a valid zip code. For example 90602 or 90602-1234."
"Please enter a valid zip code.","Please enter a valid zip code."
"Please use this date format: dd/mm/yyyy. For example 17/03/2006 for the 17th of March, 2006.","Please use this date format: dd/mm/yyyy. For example 17/03/2006 for the 17th of March, 2006."
"Please enter a valid $ amount. For example $100.00.","Please enter a valid $ amount. For example $100.00."
"Please select one of the above options.","Please select one of the above options."
"Please select one of the options.","Please select one of the options."
"Please select State/Province.","Please select State/Province."
"Please enter valid password.","Please enter valid password."
"Please enter a number greater than 0 in this field.","Please enter a number greater than 0 in this field."
"Please enter a valid credit card number.","Please enter a valid credit card number."
"Please wait, loading...","Please wait, loading..."
"",""
"Name on Card","Name on Card"
"Credit Card Type","Credit Card Type"
"Credit Card Number","Credit Card Number"
"Expiration Date","Expiration Date"
"Card Verification Number","Card Verification Number"
"<label>Make Check payable to:</label> %s","<label>Make Check payable to:</label> %s"
"Send Check to:","Send Check to:"
"Purchase Order Number","Purchase Order Number"
"Name on the Card: %s","Name on the Card: %s"
"Credit Card Type: %s","Credit Card Type: %s"
"Credit Card Number: xxxx-%s","Credit Card Number: xxxx-%s"
"Expiration Date: %s/%s","Expiration Date: %s/%s"
"Credit Card Number: %s","Credit Card Number: %s"
"Make Check payable to: %s","Make Check payable to: %s"
"Purchase Order Number: %s","Purchase Order Number: %s"
"PayPal Email","PayPal Email"
"Switch/Solo Only","Switch/Solo Only"
"Issue Number","Issue Number"
"Start Date","Start Date"
"What is this?","What is this?"
"Switch/Solo card issue number: %s","Switch/Solo card issue number: %s"
"Switch/Solo card start Date: %s/%s","Switch/Solo card start Date: %s/%s"
"Assigned Answers","Assigned Answers"
"Answer Title:","Answer Title:"
"Votes Count:","Votes Count:"
"Are you sure you want to delete it?","Are you sure you want to delete it?"
"Show Report for","Show Report for"
"Customer Point Balances","Customer Point Balances"
"Customer Point Distributions","Customer Point Distributions"
"All Other Transfers","All Other Transfers"
"Customer Point Redemptions","Customer Point Redemptions"
"Please enter a valid value, ex: 10,20,30","Please enter a valid value, ex: 10,20,30"
"Please enter a valid value from list","Please enter a valid value from list"
"Current Configuration Scope:","Current Configuration Scope:"
"Manage Stores","Manage Stores"
"Import Service","Import Service"
"Design","Design"
"Leave empty to use tax identifier","Leave empty to use tax identifier"
"Website","Website"
"Country/State","Country/State"
"Tax","Tax"
"Select All","Select All"
"Unselect All","Unselect All"
"Select Visible","Select Visible"
"Unselect Visible","Unselect Visible"
"items selected","items selected"
"Your billing address will be ignored and you will be redirected to Amazon Simple Pay website.","Your billing address will be ignored and you will be redirected to Amazon Simple Pay website."
"You will be redirected to Amazon Simple Pay in a few seconds.","You will be redirected to Amazon Simple Pay in a few seconds."
"Your billing address will be ignored and you will be redirected to Checkout by Amazon website.","Your billing address will be ignored and you will be redirected to Checkout by Amazon website."
"Subscribe to RSS Feed","Subscribe to RSS Feed"
"Currently Shopping by","Currently Shopping by"
"Remove This Item","Remove This Item"
"Clear All Items","Clear All Items"
"Shop by","Shop by"
"Shopping Options","Shopping Options"
"Browse By","Browse By"
"Category","Category"
"Category Navigation:","Category Navigation:"
"Prev","Prev"
"Next","Next"
"There are no products matching the selection.","There are no products matching the selection."
"Learn More","Learn More"
"New Products","New Products"
"Excl. Tax:","Excl. Tax:"
"Incl. Tax:","Incl. Tax:"
"Regular Price:","Regular Price:"
"Special Price:","Special Price:"
"As low as:","As low as:"
"Starting at:","Starting at:"
"OR","OR"
"Quick Overview","Quick Overview"
"Product Description","Product Description"
"Additional Information","Additional Information"
"There are no %s available.","There are no %s available."
"Catalog Advanced Search","Catalog Advanced Search"
"Search Settings","Search Settings"
"Required Fields","Required Fields"
"<strong>%d item(s)</strong> were found using the following search criteria","<strong>%d item(s)</strong> were found using the following search criteria"
"Modify your search","Modify your search"
"Don","Don"
"Discount Codes","Discount Codes"
"Enter your coupon code if you have one.","Enter your coupon code if you have one."
"Apply Coupon","Apply Coupon"
"Cancel Coupon","Cancel Coupon"
"Based on your selection, you may be interested in the following items:","Based on your selection, you may be interested in the following items:"
"Shopping Cart is Empty","Shopping Cart is Empty"
"You have no items in your shopping cart.","You have no items in your shopping cart."
"Please <a href=","Please <a href="
"Estimate Shipping and Tax","Estimate Shipping and Tax"
"Enter your destination to get a shipping estimate.","Enter your destination to get a shipping estimate."
"Country","Country"
"State/Province","State/Province"
"Please select region, state or province","Please select region, state or province"
"City","City"
"Zip/Postal Code","Zip/Postal Code"
"Get a Quote","Get a Quote"
"Update Total","Update Total"
"My Cart","My Cart"
"There is <a href=","There is <a href="
"There are <a href=","There are <a href="
"Cart Subtotal:","Cart Subtotal:"
"Checkout","Checkout"
"Recently added item(s)","Recently added item(s)"
"Ship to Multiple Addresses","Ship to Multiple Addresses"
"Enter a New Address","Enter a New Address"
"Please select shipping address for applicable items","Please select shipping address for applicable items"
"Send to","Send to"
"Update Qty &amp; Addresses","Update Qty &amp; Addresses"
"Shipping selection is not applicable","Shipping selection is not applicable"
"&laquo; Back to Shopping Cart","&laquo; Back to Shopping Cart"
"Continue to Shipping Information","Continue to Shipping Information"
"Billing Information","Billing Information"
"Billing Address","Billing Address"
"Change","Change"
"Payment Method","Payment Method"
"Card Verification Number Visual Reference","Card Verification Number Visual Reference"
"Back to Shipping Information","Back to Shipping Information"
"Continue to Review Your Order","Continue to Review Your Order"
"Checkout with Multiple Addresses","Checkout with Multiple Addresses"
"Review Order","Review Order"
"Shipping Information","Shipping Information"
"Address %s of %s","Address %s of %s"
"Edit Items","Edit Items"
"Price","Price"
"Other items in your order","Other items in your order"
"Submitting order information...","Submitting order information..."
"Grand Total:","Grand Total:"
"Place Order","Place Order"
"&laquo; Back to Billing Information","&laquo; Back to Billing Information"
"Please agree to all Terms and Conditions before placing the orders.","Please agree to all Terms and Conditions before placing the orders."
"Select Shipping Method","Select Shipping Method"
"Shipping Method","Shipping Method"
"Sorry, no quotes are available for this order at this time.","Sorry, no quotes are available for this order at this time."
"&laquo; Back to Select Addresses","&laquo; Back to Select Addresses"
"Continue to Billing Information","Continue to Billing Information"
"Order Success","Order Success"
"We are processing your order and you will soon receive an email with details of the order. Once the order has shipped you will receive another email with a link to track its progress.","We are processing your order and you will soon receive an email with details of the order. Once the order has shipped you will receive another email with a link to track its progress."
"Your order number is ","Your order number is "
"Select a billing address from your address book or enter a new address.","Select a billing address from your address book or enter a new address."
"Company","Company"
"Address","Address"
"Street Address","Street Address"
"Street Address ","Street Address "
"Fax","Fax"
"Password","Password"
"Confirm Password","Confirm Password"
"Save in address book","Save in address book"
"Ship to different address","Ship to different address"
"Continue","Continue"
"Loading next step...","Loading next step..."
"Select State/Province...","Select State/Province..."
"An error occurred in the process of payment","An error occurred in the process of payment"
"Proceed to Checkout","Proceed to Checkout"
"Register to Create an Account","Register to Create an Account"
"Register with us for future convenience:","Register with us for future convenience:"
"Register and save time!","Register and save time!"
"Fast and easy check out","Fast and easy check out"
"Easy access to your order history and status","Easy access to your order history and status"
"Checkout as Guest","Checkout as Guest"
"Register","Register"
"Already registered?","Already registered?"
"Please log in below:","Please log in below:"
"Your Checkout Progress","Your Checkout Progress"
"Shipping Address","Shipping Address"
"Shipping method has not been selected yet","Shipping method has not been selected yet"
"Edit Your Cart","Edit Your Cart"
"Select a shipping address from your address book or enter a new address.","Select a shipping address from your address book or enter a new address."
"Use Billing Address","Use Billing Address"
"My Dashboard","My Dashboard"
"My Account","My Account"
"Address Book","Address Book"
"Add New Address","Add New Address"
"Default Addresses","Default Addresses"
"Change Billing Address","Change Billing Address"
"You have no default billing address in your address book.","You have no default billing address in your address book."
"Change Shipping Address","Change Shipping Address"
"You have no default shipping address in your address book.","You have no default shipping address in your address book."
"You have no additional address entries in your address book.","You have no additional address entries in your address book."
"Use as my default billing address","Use as my default billing address"
"Use as my default shipping address","Use as my default shipping address"
"Save Address","Save Address"
"New Address Entry","New Address Entry"
"This is My Primary %s Address","This is My Primary %s Address"
"Use as My Primary %s Address","Use as My Primary %s Address"
"Change Account Password","Change Account Password"
"Current Password","Current Password"
"New Password","New Password"
"Confirm New Password","Confirm New Password"
"Save Password","Save Password"
"Send confirmation link","Send confirmation link"
"Retrieve your confirmation link here","Retrieve your confirmation link here"
"Please enter your email below and we\'ll send you confirmation link for it.","Please enter your email below and we\'ll send you confirmation link for it."
"Edit Account Information","Edit Account Information"
"Change Password","Change Password"
"Forgot Your Password?","Forgot Your Password?"
"Retrieve your password here","Retrieve your password here"
"Please enter your email below and we\'ll send you a new password.","Please enter your email below and we\'ll send you a new password."
"Log in or Create an Account","Log in or Create an Account"
"New Customers","New Customers"
"By creating an account with our store, you will be able to move through the checkout process faster, store multiple shipping addresses, view and track your orders in your account and more.","By creating an account with our store, you will be able to move through the checkout process faster, store multiple shipping addresses, view and track your orders in your account and more."
"Create an Account","Create an Account"
"Registered Customers","Registered Customers"
"If you have an account with us, please log in.","If you have an account with us, please log in."
"Keep me logged in","Keep me logged in"
"Sign up for our newsletter","Sign up for our newsletter"
"Newsletter Subscription","Newsletter Subscription"
"General Subscription","General Subscription"
"Sign Up for Newsletter","Sign Up for Newsletter"
"Address Information","Address Information"
"Login Information","Login Information"
"Order #%s (%s)","Order #%s (%s)"
"Items Order","Items Order"
"Ext. Price","Ext. Price"
"Grand Total: %s","Grand Total: %s"
"Date of Birth","Date of Birth"
"Day","Day"
"DD","DD"
"Month","Month"
"MM","MM"
"Year","Year"
"YYYY","YYYY"
"Prefix","Prefix"
"First Name","First Name"
"M.I.","M.I."
"Last Name","Last Name"
"Suffix","Suffix"
"Tax/VAT number","Tax/VAT number"
"Currency","Currency"
"Your current currency is: %s","Your current currency is: %s"
"Continue &raquo;","Continue &raquo;"
"Go to <a href=","Go to <a href="
"Item","Item"
"Sku","Sku"
"From:","From:"
"To:","To:"
"Discount ","Discount "
"Shipping & Handling","Shipping & Handling"
"You are receiving this notification because you subscribed to receive alerts when the prices for the following products changed:","You are receiving this notification because you subscribed to receive alerts when the prices for the following products changed:"
"Price:","Price:"
"Special price:","Special price:"
"Click here not to receive alerts for this product","Click here not to receive alerts for this product"
"Unsubscribe from all price alerts","Unsubscribe from all price alerts"
"You are receiving this notification because you subscribed to receive alerts when the following products are back in stock:","You are receiving this notification because you subscribed to receive alerts when the following products are back in stock:"
"Unsubscribe from all stock alerts","Unsubscribe from all stock alerts"
"(ver. %s)","(ver. %s)"
"Skip to Main Content","Skip to Main Content"
"Items %s to %s of %s total","Items %s to %s of %s total"
"%s Item(s)","%s Item(s)"
"Page:","Page:"
"Previous Page","Previous Page"
"Next Page","Next Page"
"Show","Show"
"Your Language","Your Language"
"Your Language:","Your Language:"
"Select Store","Select Store"
"--Please Select--","--Please Select--"
"<label>Make Check payable to</label>: %s","<label>Make Check payable to</label>: %s"
"Your billing address will be ignored and you will be redirected to PayPal website","Your billing address will be ignored and you will be redirected to PayPal website"
"No shipping method required.","No shipping method required."
"Please select a shipping method...","Please select a shipping method..."
"Update Shipping Method","Update Shipping Method"
"Change Payment Method","Change Payment Method"
"PayPal Account","PayPal Account"
"Edit Shopping Cart","Edit Shopping Cart"
"Place an Order","Place an Order"
"You will be redirected to PayPal website when you place an order.","You will be redirected to PayPal website when you place an order."
"Your billing address will be ignored and you will be redirected to PayPal UK website","Your billing address will be ignored and you will be redirected to PayPal UK website"
"PayPal Uk Account","PayPal Uk Account"
"My Product Reviews","My Product Reviews"
"View Details","View Details"
"You have submitted no reviews.","You have submitted no reviews."
"My Recent Reviews","My Recent Reviews"
"View All Reviews","View All Reviews"
"Rating:","Rating:"
"Average Customer Rating:","Average Customer Rating:"
"Your Rating:","Your Rating:"
"Your Review (submitted on %s):","Your Review (submitted on %s):"
"Back to My Reviews","Back to My Reviews"
"%d Review(s)","%d Review(s)"
"Add Your Review","Add Your Review"
"Use Your Rewards Points!","Use Your Rewards Points!"
"Your redemptions:","Your redemptions:"
"You have applied no redemptions to this cart.","You have applied no redemptions to this cart."
"More ways to redeem:","More ways to redeem:"
"You cannot spend more points on this cart.","You cannot spend more points on this cart."
"Points you will earn:","Points you will earn:"
"No extra points to earn on this cart.","No extra points to earn on this cart."
"You Will Earn:","You Will Earn:"
"You Will Spend:","You Will Spend:"
"Not Enough Points!","Not Enough Points!"
"Point Amount:","Point Amount:"
"Currency:","Currency:"
"Comment:","Comment:"
"Send to Friend","Send to Friend"
"There are currently no products you can purchase using your points.","There are currently no products you can purchase using your points."
"Manage My Points","Manage My Points"
"Log-in or create a new account","Log-in or create a new account"
"Points Summary","Points Summary"
"My Points & Rewards","My Points & Rewards"
"You have <strong>%s</strong> in your account.","You have <strong>%s</strong> in your account."
"Take a look at our rewards catalog today.","Take a look at our rewards catalog today."
"View Review","View Review"
"You have no transfers.","You have no transfers."
"Free using <b>%s!</b>","Free using <b>%s!</b>"
"As low as <b>%s</b> using <b>%s</b>","As low as <b>%s</b> using <b>%s</b>"
"Earn %s","Earn %s"
"You have ","You have "
"You could receive %s for writing ","You could receive %s for writing "
"Customer Name: %s","Customer Name: %s"
"Purchased From: %s","Purchased From: %s"
"Back to My Orders","Back to My Orders"
"My Orders - Details","My Orders - Details"
"Print All Invoices","Print All Invoices"
"Order #%s","Order #%s"
"Invoice #%s","Invoice #%s"
"Print Invoice","Print Invoice"
"Items Ordered","Items Ordered"
"Qty Ordered","Qty Ordered"
"Qty Shipped","Qty Shipped"
"Order Subtotal","Order Subtotal"
"Order ##","Order ##"
"Ship to","Ship to"
"Order Total","Order Total"
"Order Status","Order Status"
"Track Order","Track Order"
"Reorder","Reorder"
"You have placed no orders.","You have placed no orders."
"Order #%s - %s","Order #%s - %s"
"Subscribe to Order Status","Subscribe to Order Status"
"Print Order","Print Order"
"About This Order:","About This Order:"
"Order Date: %s","Order Date: %s"
"No shipping information available","No shipping information available"
"SKU","SKU"
"Ordered","Ordered"
"Shipped","Shipped"
"Canceled","Canceled"
"Grand Total to be charged","Grand Total to be charged"
"Discount :","Discount :"
"Recent Orders","Recent Orders"
"View All","View All"
"Track your order","Track your order"
"Gift Message for this Order","Gift Message for this Order"
"About Your Order","About Your Order"
"Last ordered items","Last ordered items"
"Shipment #","Shipment #"
"Tracking Number:","Tracking Number:"
"Carrier:","Carrier:"
"Error:","Error:"
" for more information or email us at "," for more information or email us at "
"Info:","Info:"
"Track:","Track:"
"Status:","Status:"
"Delivered on:","Delivered on:"
"Signed by:","Signed by:"
"Delivered to:","Delivered to:"
"Shipped or billed on:","Shipped or billed on:"
"Service Type:","Service Type:"
"Weight:","Weight:"
"N/A","N/A"
"Location","Location"
"Local Time","Local Time"
"Description","Description"
"There is no tracking available for this shipment.","There is no tracking available for this shipment."
"There is no tracking available.","There is no tracking available."
"Edit Tag","Edit Tag"
"Tag Information","Tag Information"
"Back to view Tag","Back to view Tag"
"Save Tag","Save Tag"
"My Recent Tags","My Recent Tags"
"Tags:","Tags:"
"Click on a tag to view your corresponding products.","Click on a tag to view your corresponding products."
"You have not tagged any products yet.","You have not tagged any products yet."
"Tag Name: %s","Tag Name: %s"
"Delete Tag","Delete Tag"
"Unable to find any products tagged with ","Unable to find any products tagged with "
"Back to Tags List","Back to Tags List"
"RSS link to %s","RSS link to %s"
"Category Information","Category Information"
"Store View","Store View"
"Keywords","Keywords"
"Meta Keywords","Meta Keywords"
"Meta Description","Meta Description"
"Comment Information","Comment Information"
"Unapproved","Unapproved"
"Points Currency Information","Points Currency Information"
"Currency Information","Currency Information"
"Points Appearance","Points Appearance"
"Group","Group"
"Customer Since","Customer Since"
"Make Transfer","Make Transfer"
"Subscribe to newsletter","Subscribe to newsletter"
"Unsubscribe from newsletter","Unsubscribe from newsletter"
"Give Points","Give Points"
"Quantity","Quantity"
"Are you sure you want to create the transfer for all selected customers?","Are you sure you want to create the transfer for all selected customers?"
"Deduct Points","Deduct Points"
"Catalog Points Distribution Rules","Catalog Points Distribution Rules"
"Add New Catalog Distribution Rule","Add New Catalog Distribution Rule"
"Save and Apply","Save and Apply"
"Catalog Points Redemption Rules","Catalog Points Redemption Rules"
"Add New Catalog Redemption Rule","Add New Catalog Redemption Rule"
"Shopping Cart Points Distributions Rules","Shopping Cart Points Distributions Rules"
"Add New Cart Distributions Rule","Add New Cart Distributions Rule"
"Coupon Code","Coupon Code"
"Shopping Cart Points Redemption Rules","Shopping Cart Points Redemption Rules"
"Add New Cart Redemption Rule","Add New Cart Redemption Rule"
"Rule Information","Rule Information"
"Special Rule Edit","Special Rule Edit"
"Conditions","Conditions"
"Transfer Information","Transfer Information"
"Reference Order","Reference Order"
"Reference Poll","Reference Poll"
"Reference Friend","Reference Friend"
"Reference Review/Rating","Reference Review/Rating"
"Reference Other Transfer","Reference Other Transfer"
"Reference Product Tag","Reference Product Tag"
"Shipment","Shipment"
"Ship Bundle Items","Ship Bundle Items"
"Separately","Separately"
"Together","Together"
"Bundle Items","Bundle Items"
"ID: %s","ID: %s"
"Set root category for this store in the <a href=","Set root category for this store in the <a href="
"If you do not specify an option value for a specific store view then the default (Admin) value will be used.","If you do not specify an option value for a specific store view then the default (Admin) value will be used."
"Manage Titles (Size, Color, etc.)","Manage Titles (Size, Color, etc.)"
"Manage Options (values of your attribute)","Manage Options (values of your attribute)"
"Position","Position"
"Is Default","Is Default"
"Failed","Failed"
"Options is required","Options is required"
"Product Categories","Product Categories"
"Bundle with dynamic pricing cannot include custom defined options. Options will not be saved.","Bundle with dynamic pricing cannot include custom defined options. Options will not be saved."
"Custom Options","Custom Options"
"Product In Websites","Product In Websites"
"Items that you don","Items that you don"
"(Copy data from: %s)","(Copy data from: %s)"
"Image type and information need to be specified for each store view.","Image type and information need to be specified for each store view."
"Image","Image"
"Label","Label"
"Roll Over for preview","Roll Over for preview"
"Use Default Value","Use Default Value"
"No image","No image"
"Product Alerts","Product Alerts"
"Inventory","Inventory"
"Manage Stock","Manage Stock"
"Yes","Yes"
"No","No"
"Use Config Settings","Use Config Settings"
"[GLOBAL]","[GLOBAL]"
"Qty for Item\'s Status to become Out of Stock","Qty for Item\'s Status to become Out of Stock"
"Minimum Qty Allowed in Shopping Cart","Minimum Qty Allowed in Shopping Cart"
"Maximum Qty Allowed in Shopping Cart","Maximum Qty Allowed in Shopping Cart"
"Qty Uses Decimals","Qty Uses Decimals"
"Backorders","Backorders"
"Notify for Quantity Below","Notify for Quantity Below"
"Stock Availability","Stock Availability"
"Sales Statistics","Sales Statistics"
"Store","Store"
"Lifetime Sales","Lifetime Sales"
"Average Sale","Average Sale"
"All Store Views","All Store Views"
"Attribute","Attribute"
"Google Base Attribute","Google Base Attribute"
"Attributes","Attributes"
"Please, select Attribute Set and Google Item Type to load attributes","Please, select Attribute Set and Google Item Type to load attributes"
"Invoiced","Invoiced"
"Refunded","Refunded"
"Comment Text","Comment Text"
"Notify Customer","Notify Customer"
"Notified","Notified"
"Not Notified","Not Notified"
"Order Comments","Order Comments"
"Order Currency:","Order Currency:"
"Order History","Order History"
"Order Totals","Order Totals"
"Add a gift message for the <strong>entire order</strong>","Add a gift message for the <strong>entire order</strong>"
"Add a gift message for <strong>each gift item</strong>","Add a gift message for <strong>each gift item</strong>"
"Customer\'s Current Activities","Customer\'s Current Activities"
"Append Comments","Append Comments"
"Email Order Confirmation","Email Order Confirmation"
"Submit Order","Submit Order"
"Discount (%s)","Discount (%s)"
"Total Due","Total Due"
"Total Paid","Total Paid"
"Total Refunded","Total Refunded"
"Shipping &amp; Handling","Shipping &amp; Handling"
"Total Tax","Total Tax"
"Gift Message for Entire Order","Gift Message for Entire Order"
"From Name","From Name"
"To Name","To Name"
"Add Order Comments","Add Order Comments"
"Order confirmation email sent","Order confirmation email sent"
"Order confirmation email not sent","Order confirmation email not sent"
"Order # %s","Order # %s"
"Order Date","Order Date"
"Order Date (%s)","Order Date (%s)"
"Purchased From","Purchased From"
"Link to the new order","Link to the new order"
"Link to the previous order","Link to the previous order"
"Placed from IP","Placed from IP"
"%s / %s rate:","%s / %s rate:"
"Customer Name","Customer Name"
"Customer Group","Customer Group"
"TAX/VAT Number","TAX/VAT Number"
"Item Status","Item Status"
"Original Price","Original Price"
"Tax Percent","Tax Percent"
"Discount Amount","Discount Amount"
"Row Total","Row Total"
"Tracking Number","Tracking Number"
"Please make sure that your changes were saved before running the profile.","Please make sure that your changes were saved before running the profile."
"Your server PHP settings allow you to upload files not more than %s at a time. Please modify post_max_size (currently is %s) and upload_max_filesize (currently is %s) values in php.ini if you want to upload larger files.","Your server PHP settings allow you to upload files not more than %s at a time. Please modify post_max_size (currently is %s) and upload_max_filesize (currently is %s) values in php.ini if you want to upload larger files."
"Import","Import"
"Default Values","Default Values"
"Interactive","Interactive"
"Profile Information","Profile Information"
"Entity type:","Entity type:"
"Products","Products"
"Customers","Customers"
"Direction:","Direction:"
"Export","Export"
"Store:","Store:"
"Default (Admin) Values","Default (Admin) Values"
"(Products will be added/updated to this store if ","(Products will be added/updated to this store if "
"Add Field with URL:","Add Field with URL:"
"Number of records:","Number of records:"
"(You have to increase php memory_limit before changing this value)","(You have to increase php memory_limit before changing this value)"
"Decimal separator:","Decimal separator:"
"File Information","File Information"
"Data transfer:","Data transfer:"
"Local/Remote Server","Local/Remote Server"
"Archive file name:","Archive file name:"
"(If left empty will be auto-generated)","(If left empty will be auto-generated)"
"Type:","Type:"
"Local Server","Local Server"
"Remote FTP","Remote FTP"
"File name:","File name:"
"Path:","Path:"
"(Absolute path or Relative to Magento install root, ex. var/export)","(Absolute path or Relative to Magento install root, ex. var/export)"
"FTP Host[:Port]","FTP Host[:Port]"
"User name","User name"
"Passive mode","Passive mode"
"Data Format","Data Format"
"MS Excel XML","MS Excel XML"
"CSV / Tab separated","CSV / Tab separated"
"Spreadsheet Name:","Spreadsheet Name:"
"(Leave empty for first spreadsheet)","(Leave empty for first spreadsheet)"
"Value Delimiter:","Value Delimiter:"
"(\\t for tab)","(\\t for tab)"
"Enclose Values In:","Enclose Values In:"
"Warning! Empty value can cause problems with CSV format.","Warning! Empty value can cause problems with CSV format."
"Original Magento attribute names in first row:","Original Magento attribute names in first row:"
"(When ","(When "
"Export:","Export:"
"All fields","All fields"
"Only mapped fields","Only mapped fields"
"Field Mapping","Field Mapping"
"In Database:","In Database:"
"In File:","In File:"
"Export Filters","Export Filters"
"(Starting with)","(Starting with)"
"SKU:","SKU:"
"Attribute Set Name:","Attribute Set Name:"
"to","to"
"Stock Quantity:","Stock Quantity:"
"Visibility:","Visibility:"
"First Name:","First Name:"
"Last Name:","Last Name:"
"Group:","Group:"
"Address Type:","Address Type:"
"Phone:","Phone:"
"Zip/Postal Code:","Zip/Postal Code:"
"Country:","Country:"
"State/Province:","State/Province:"
"(For US 2-letter state names)","(For US 2-letter state names)"
"Customer Since:","Customer Since:"
"Date selector","Date selector"
"Old rate:","Old rate:"
"Load default template","Load default template"
"Template","Template"
"Locale","Locale"
"Are you sure that you want to strip tags?","Are you sure that you want to strip tags?"
"Email Preview","Email Preview"
"Add New Class","Add New Class"
"Add New Tax Rate","Add New Tax Rate"
"Add New Tax Rule","Add New Tax Rule"
"Images","Images"
"Big Image","Big Image"
"Thumbnail","Thumbnail"
"As low as","As low as"
"Compare Products","Compare Products"
"Print This Page","Print This Page"
"Remove Product","Remove Product"
"Add to My Wishlist","Add to My Wishlist"
"Compare Products - %d Items","Compare Products - %d Items"
"Are you sure you would like to remove this item from the compare products?","Are you sure you would like to remove this item from the compare products?"
"Clear All","Clear All"
"Compare Items","Compare Items"
"You have no items to compare.","You have no items to compare."
"Related Products","Related Products"
"select all","select all"
"unselect all","unselect all"
"Previous","Previous"
"View as","View as"
"Sort by","Sort by"
"Set Ascending Direction","Set Ascending Direction"
"Set Descending Direction","Set Descending Direction"
"You may also be interested in the following product(s)","You may also be interested in the following product(s)"
"Add Items to Cart","Add Items to Cart"
"Double click on above image to view full picture","Double click on above image to view full picture"
"Zoom Out","Zoom Out"
"Zoom In","Zoom In"
"More Views","More Views"
"Old Price:","Old Price:"
"Buy %1$s for %2$s (%3$s incl. tax) each","Buy %1$s for %2$s (%3$s incl. tax) each"
"Buy %1$s for %2$s","Buy %1$s for %2$s"
"%1$s incl tax.","%1$s incl tax."
"each","each"
"Total incl. Tax: %1$s","Total incl. Tax: %1$s"
"Buy %1$s for %2$s each","Buy %1$s for %2$s each"
"save","save"
"Remove item","Remove item"
"Select Address","Select Address"
"Default Billing","Default Billing"
"Default Shipping","Default Shipping"
"Manage Addresses","Manage Addresses"
"Primary Shipping Address","Primary Shipping Address"
"Hello, %s!","Hello, %s!"
"From your My Account Dashboard you have the ability to view a snapshot of your recent account activity and update your account information. Select a link below to view or edit information.","From your My Account Dashboard you have the ability to view a snapshot of your recent account activity and update your account information. Select a link below to view or edit information."
"Newsletters","Newsletters"
"You are currently subscribed to ","You are currently subscribed to "
"You are currently not subscribed to any newsletter.","You are currently not subscribed to any newsletter."
"Edit Newsletters","Edit Newsletters"
"You are currently subscribed to our newsletter.","You are currently subscribed to our newsletter."
"sample","sample"
"Availability: In stock.","Availability: In stock."
"Availability: Out of stock.","Availability: Out of stock."
"My Downloadable Products","My Downloadable Products"
"Remaining Downloads","Remaining Downloads"
"Start Download","Start Download"
"You have not purchased any downloadable products yet.","You have not purchased any downloadable products yet."
"Discount%s","Discount%s"
"Adjustment Refund","Adjustment Refund"
"Adjustment Fee","Adjustment Fee"
"Shipped By","Shipped By"
"%s Review(s)","%s Review(s)"
"Customer Reviews","Customer Reviews"
"Review by %s","Review by %s"
"(Posted on %s)","(Posted on %s)"
"Back to Main Product Info","Back to Main Product Info"
"You cannot use points until you login or create a new account.","You cannot use points until you login or create a new account."
"You don","You don"
"costs","costs"
"You will earn %s for buying this product","You will earn %s for buying this product"
"Print All Refunds","Print All Refunds"
"Refund #","Refund #"
"Print Refund","Print Refund"
"Items Refunded","Items Refunded"
"Shipping","Shipping"
"Gift Certificate","Gift Certificate"
"Invoice #","Invoice #"
"Items Invoiced","Items Invoiced"
"Qty Invoiced","Qty Invoiced"
"Refunds","Refunds"
"Refund #%s","Refund #%s"
"Invoices","Invoices"
"Print All Shipments","Print All Shipments"
"Shipment #%s","Shipment #%s"
"Items Shipped","Items Shipped"
"Track all shipments","Track all shipments"
"Print Shipment","Print Shipment"
"Track this shipment","Track this shipment"
"Tracking Number(s)","Tracking Number(s)"
"Stock","Stock"
"Out of stock.","Out of stock."
"Sale items %s to %s of %s.","Sale items %s to %s of %s."
"Showing %s Item(s) on sale.","Showing %s Item(s) on sale."
"Currency Appearance","Currency Appearance"
"Image Path (relative to store skin)","Image Path (relative to store skin)"
"Image Width (px)","Image Width (px)"
"Image Height (px)","Image Height (px)"
"Print Points on Image","Print Points on Image"
"Font Path (relative to store skin)","Font Path (relative to store skin)"
"Font Size (pt)","Font Size (pt)"
"Font Color (numeric)","Font Color (numeric)"
"Currency Caption","Currency Caption"
"Plural Currency Caption","Plural Currency Caption"
"Currency Value","Currency Value"
"Catalog Points Redemption Rule","Catalog Points Redemption Rule"
"Catalog Points Distribution Rule","Catalog Points Distribution Rule"
"Shopping Cart Points Redemption Rule","Shopping Cart Points Redemption Rule"
"Shopping Cart Points Distribution Rule","Shopping Cart Points Distribution Rule"
"Update prices using the following information","Update prices using the following information"
"Grant Points","Grant Points"
"Amount","Amount"
"Customer...","Customer..."
"Customer Group Is... ","Customer Group Is... "
"Date is After...","Date is After..."
"Date is Before...","Date is Before..."
"Date is Before: ","Date is Before: "
"General Information","General Information"
"Websites","Websites"
"Public In RSS Feed","Public In RSS Feed"
"Points Currency","Points Currency"
"Transfer Style","Transfer Style"
"Points Amount","Points Amount"
"Meta Data","Meta Data"
"Advanced Post Options","Advanced Post Options"
"Post Date","Post Date"
"Successfully cancelled transfer ID #","Successfully cancelled transfer ID #"
"Could not successfully revoke points associated with cancelled order.","Could not successfully revoke points associated with cancelled order."
"Item Discounts","Item Discounts"
"Default Title","Default Title"
"Store View Title","Store View Title"
"Input Type","Input Type"
"Is Required","Is Required"
"Scripts Install URL","Scripts Install URL"
"Install Scripts","Install Scripts"
"Groups","Groups"
"Double click on a group to rename it","Double click on a group to rename it"
"Unassigned Attributes","Unassigned Attributes"
"A name is required","A name is required"
"This group contains system attributes. Please move system attributes to another group and try again.","This group contains system attributes. Please move system attributes to another group and try again."
"This group contains attributes, used in configurable products. Please move these attributes to another group and try again.","This group contains attributes, used in configurable products. Please move these attributes to another group and try again."
"Please enter a new group name","Please enter a new group name"
"Attribute group with the \"/name/\" name already exists","Attribute group with the \"/name/\" name already exists"
"Unable to complete request. Please try again later.","Unable to complete request. Please try again later."
"You cannot remove system attribute from this set.","You cannot remove system attribute from this set."
"Empty","Empty"
"Attribute group with the \","Attribute group with the \"
"Update attributes","Update attributes"
"Minimum Qty for Item\'s Status to be Out of Stock","Minimum Qty for Item\'s Status to be Out of Stock"
"In Stock","In Stock"
"Out of Stock","Out of Stock"
"Add Product To Websites","Add Product To Websites"
"Remove Product From Websites","Remove Product From Websites"
"Select type of option","Select type of option"
"and above","and above"
"Create Simple Associated Product","Create Simple Associated Product"
"Super product attributes configuration","Super product attributes configuration"
"Price values for options should be specified in system base currency.","Price values for options should be specified in system base currency."
"Attrribute names can be specified per store.","Attrribute names can be specified per store."
"Attribute Name:","Attribute Name:"
"Option:","Option:"
"Fixed","Fixed"
"Percentage","Percentage"
"Product with this combination of attributes already associated to configurable.","Product with this combination of attributes already associated to configurable."
"Links can be purchased separately","Links can be purchased separately"
"Max. Downloads","Max. Downloads"
"Shareable","Shareable"
"Sample","Sample"
"Conversion Page URL","Conversion Page URL"
"Please copy and paste this value to experiment edit form","Please copy and paste this value to experiment edit form"
"Apply Coupon Code","Apply Coupon Code"
"Apply","Apply"
"Select from existing customer addresses:","Select from existing customer addresses:"
"Same As Billing Address","Same As Billing Address"
"Shipping address selection is not applicable","Shipping address selection is not applicable"
"No ordered items","No ordered items"
"Update Items and Qty\'s","Update Items and Qty\'s"
"Row Subtotal","Row Subtotal"
"Gift","Gift"
"Total %d product(s)","Total %d product(s)"
"Subtotal:","Subtotal:"
"Tier Pricing","Tier Pricing"
"Custom Price","Custom Price"
"Move to Shopping Cart","Move to Shopping Cart"
"Subscribe to Newsletter","Subscribe to Newsletter"
"Refresh","Refresh"
"Add To Order","Add To Order"
"No items","No items"
"Payment Information","Payment Information"
"Order was placed using %s","Order was placed using %s"
"Refund Amount","Refund Amount"
"Total Shipping Charges","Total Shipping Charges"
"Items to Refund","Items to Refund"
"Return to Stock","Return to Stock"
"Qty to Refund","Qty to Refund"
"No Items To Refund","No Items To Refund"
"Credit Memo Comments","Credit Memo Comments"
"Refund Totals","Refund Totals"
"Email Copy of Credit Memo","Email Copy of Credit Memo"
"No Items","No Items"
"Credit Memo History","Credit Memo History"
"Credit Memo Totals","Credit Memo Totals"
"Create Shipment","Create Shipment"
"Some items in this order have different invoice and shipment types. You can create shipment only after the invoice is created.","Some items in this order have different invoice and shipment types. You can create shipment only after the invoice is created."
"Items to Invoice","Items to Invoice"
"Qty to Invoice","Qty to Invoice"
"Invoice History","Invoice History"
"Invoice Comments","Invoice Comments"
"Invoice Totals","Invoice Totals"
"Capture Amount","Capture Amount"
"Capture Online","Capture Online"
"Capture Offline","Capture Offline"
"Not Capture","Not Capture"
"Email Copy of Invoice","Email Copy of Invoice"
"Carrier","Carrier"
"Number","Number"
"Items to Ship","Items to Ship"
"Qty to Ship","Qty to Ship"
"Ship","Ship"
"Shipment Comments","Shipment Comments"
"Email Copy of Shipment","Email Copy of Shipment"
"Shipping and Tracking Information","Shipping and Tracking Information"
"Shipment History","Shipment History"
"Shipping &amp; Handling Information","Shipping &amp; Handling Information"
"Track order","Track order"
"Comments History","Comments History"
"Add after","Add after"
"This product is also part of bundle(s)","This product is also part of bundle(s)"
"Price as configured","Price as configured"
"Buy %1$s with %2$s discount each","Buy %1$s with %2$s discount each"
"No options of this product are available.","No options of this product are available."
"Your Points","Your Points"
"Reward With Points","Reward With Points"
"Points Amount (X)","Points Amount (X)"
"Monetary Step (Y)","Monetary Step (Y)"
"Monetary Step Currency","Monetary Step Currency"
"Maximum Total of Points To Transfer (0 for unlimited)","Maximum Total of Points To Transfer (0 for unlimited)"
"Quantity Step (Z)","Quantity Step (Z)"
"Clear Selections","Clear Selections"
"Shopping Cart Rule Name","Shopping Cart Rule Name"
"Catalog Rule Name","Catalog Rule Name"
"Points Rule ID","Points Rule ID"
"Can\'t get order instance","Can\'t get order instance"
"Points & Rewards","Points & Rewards"
"No Discount -- ","No Discount -- "
"By Percentage of the original price","By Percentage of the original price"
"By Fixed Amount","By Fixed Amount"
"To Percentage of the original price","To Percentage of the original price"
"To Fixed Amount","To Fixed Amount"
"Discount amount","Discount amount"
"Stop further rules processing","Stop further rules processing"
"Conditions (leave blank for all products)","Conditions (leave blank for all products)"
"Product Conditions","Product Conditions"
"Customer Spends Points","Customer Spends Points"
"Options","Options"
"NOT LOGGED IN","NOT LOGGED IN"
"From Date","From Date"
"To Date","To Date"
"Percent of product price discount","Percent of product price discount"
"Fixed amount discount","Fixed amount discount"
"Fixed amount discount for whole cart","Fixed amount discount for whole cart"
"Buy X get Y free (discount amount is Y)","Buy X get Y free (discount amount is Y)"
"No Discount --","No Discount --"
"Maximum Qty Discount is Applied to","Maximum Qty Discount is Applied to"
"Discount Qty Step (Buy X)","Discount Qty Step (Buy X)"
"Free shipping","Free shipping"
"For matching items only","For matching items only"
"For shipment with matching items","For shipment with matching items"
"Apply the rule only to cart items matching the following conditions (leave blank for all items)","Apply the rule only to cart items matching the following conditions (leave blank for all items)"
"Apply to","Apply to"
"Monetary Step (Y) (in base currency)","Monetary Step (Y) (in base currency)"
"Apply the rule only if the following conditions are met (leave blank for all products)","Apply the rule only if the following conditions are met (leave blank for all products)"
"Apply the rule to cart items matching the following conditions","Apply the rule to cart items matching the following conditions"
"Coupon code","Coupon code"
"Uses per coupon","Uses per coupon"
"Uses per customer","Uses per customer"
"Assigned","Assigned"
"Signed Up From","Signed Up From"
"ZIP/Post Code","ZIP/Post Code"
"Origin","Origin"
"Purchased from (store)","Purchased from (store)"
"Purchased On","Purchased On"
"Bill to First name","Bill to First name"
"Bill to Last name","Bill to Last name"
"Bill to Name","Bill to Name"
"Ship to First name","Ship to First name"
"Ship to Last name","Ship to Last name"
"Ship to Name","Ship to Name"
"G.T. (Base)","G.T. (Base)"
"G.T. (Purchased)","G.T. (Purchased)"
"New Order RSS","New Order RSS"
"Poll Question","Poll Question"
"Number of Responses","Number of Responses"
"Date Posted","Date Posted"
"Date Closed","Date Closed"
"Visible In","Visible In"
"Closed","Closed"
"Open","Open"
"Review #","Review #"
"Reviewed in (store)","Reviewed in (store)"
"Reviewed On","Reviewed On"
"Review Title","Review Title"
"# of Uses","# of Uses"
"Disabled","Disabled"
"You have earned the following points on this order: ","You have earned the following points on this order: "
"You have spent the following points on this order: ","You have spent the following points on this order: "
"Your point transactions are currently pending and will be approved ","Your point transactions are currently pending and will be approved "
"Price Type","Price Type"
"Default Qty","Default Qty"
"User Defined Qty","User Defined Qty"
"Default","Default"
"Add Gift Messsage","Add Gift Messsage"
"Save and Close Message","Save and Close Message"
"Allowed File Extensions","Allowed File Extensions"
"Maximum Image Size","Maximum Image Size"
"leave blank if its not an image","leave blank if its not an image"
"Please add rows to option.","Please add rows to option."
"Max Characters","Max Characters"
"U","U"
"No Payment Methods","No Payment Methods"
"Click to change shipping method","Click to change shipping method"
"Get shipping methods and rates","Get shipping methods and rates"
"Shipping method selection is not applicable","Shipping method selection is not applicable"
"Refund Shipping","Refund Shipping"
"Please enter positive number in this field.","Please enter positive number in this field."
"In stock.","In stock."
"This is a required option","This is a required option"
"Allowed file extensions to upload","Allowed file extensions to upload"
"px.","px."
"Maximum number of characters","Maximum number of characters"
"Choose an Option...","Choose an Option..."
"download","download"
"Unlimited","Unlimited"
"None","None"
"Qty:","Qty:"
"Choose a selection...","Choose a selection..."
